ME-NEXUS_INFRA_ID,INFRA_NAME,INFRA_IS_ACTIVE,INFRA_DESCRIPTION,INFRA_PARENT_ORGANIZATION,INFRA_HAS_API,INFRA_RELEASE_DATE,INFRA_LATEST_VERSION,INFRA_LICENSE,INFRA_YEARLY_CORPORATE_PRICING,INFRA_FUNCTIONAL_TYPE,INFRA_STRUCTURAL_TYPE,INFRA_RELATED_SERVICES,INFRA_RELATED_CONTENT_TYPES
482ae3ec-3b5b-481e-8c7b-d3506fb8d314,Asana,True,"Asana is a work management platform designed for project tracking, team collaboration, and workflow automation.",Asana,True,2012.0,SaaS Tool,"Subscription, Free",$101 – $500,CommunicationAndTeamManagement,Cloud,Production Services,Promotional Content
019bdadd-d11d-4988-b220-94d456364ac7,ChatGPT,True,"ChatGPT is an AI-powered conversational assistant developed by OpenAI for text generation, analysis, and general knowledge queries.",OpenAI,True,2022.0,SaaS Tool,"Subscription, Free",$101 – $500,GenerativeAISoftware,Cloud,"Production Services, Creative Research, Concept Development",Scripted Content
2605a153-d77e-456c-96f4-490f1309d41d,Gaffer,True,"Gaffer is an open-source, node-based application for look development, lighting, and scene assembly in VFX.",Image Engine Design Inc.,True,2011.0,0.65.x,"Open-Source, Free",Free,3DDesignSoftware,Software,Lighting,Scripted Content
199653fe-0713-43bb-9dbc-94a6a2004cea,KeyShot,True,KeyShot is a real-time 3D rendering and animation software used for creating photorealistic product visualizations.,"Luxion, Inc.",True,2010.0,2026,Subscription,"$1,001 – $5,000",3DDesignSoftware,Software,Rendering,Promotional Content
dedc4692-6ab9-46a1-b935-8b1eee71c42c,MSI,True,"MSI (Micro-Star International) is a company that designs and manufactures computer hardware, including laptops, motherboards, and graphics cards.",MSI,False,1999.0,(Part of Windows 12),Free,$101 – $500,SoftwareDeveloperKit,Software,Design,Scripted Content
252d31c8-aac8-4e43-bfb0-78869646bd5b,Marvia,True,Marvia is a brand management and marketing asset distribution platform for managing and localizing marketing materials.,Marvia,True,2005.0,SaaS Tool,Subscription,"$501 – $1,000",ContentMarketingSoftware,Software,Managed Services,Promotional Content
33767fde-b5cd-4fbb-a210-2b18cc58961b,Pencil2D,True,Pencil2D is a free and open-source 2D animation software for creating traditional hand-drawn animations.,Pencil2D Team,True,2006.0,0.7.0,"Open-Source, Free",Free,VideoSoftware,Software,Animation,"Scripted Content, Promotional Content"
92f3ba03-d777-4cbe-8068-c89a1a335a96,Autodesk AutoCAD,True,"Autodesk AutoCAD is an industry-standard computer-aided design (CAD) software for 2D and 3D design, drafting, and documentation.","Autodesk, Inc.",True,1982.0,2026,Subscription,"$1,001 – $5,000",CADSoftware,Software,Design,Scripted Content
9650c947-c0f4-4471-a45c-3360d9c06bae,Autodesk Shotgun,True,"Autodesk Flow Production Tracking is a production management and review platform for creative teams in VFX, animation, and games.","Autodesk, Inc.",True,2006.0,SaaS Tool,Subscription,"$501 – $1,000",CommunicationAndTeamManagement,Cloud,Production Services,"Scripted Content, Video Game, Promotional Content, Unscripted, Location-Based Content"
72056557-d50b-4425-9989-b4a19cbd8780,DaVinci Resolve,True,"DaVinci Resolve is an all-in-one software for professional video editing, color correction, visual effects, and audio post-production.",Blackmagic Design Pty. Ltd.,True,2004.0,20,"Consumption, Free",$101 – $500,VideoSoftware,Software,"Production Services, Editorial","Scripted Content, Promotional Content, Social, Unscripted"
144f0d54-e3ef-48e7-b50e-55ea0f2d6934,FilmPack,True,DxO FilmPack is a photo editing software that provides analog film emulation and vintage photo effects for digital images.,DxO Labs,False,2007.0,8,Permanent,$101 – $500,PhotographySoftware,Software,Production Services,"Scripted Content, Promotional Content"
0268573a-4349-49ea-93e6-8b313cd5443d,IES Virtual Environment,True,IES Virtual Environment (IESVE) is a building performance simulation and energy modeling software for sustainable design.,Integrated Environmental Solutions (IES) Ltd.,True,1994.0,VE 2025,Subscription,"$1,001 – $5,000",CADSoftware,Software,Design,Scripted Content
eccd2b37-779e-4ac4-beb3-57d3d54cef69,Linguix,True,Linguix is an AI-powered writing assistant and grammar checker designed to improve written communication and style.,Linguix,True,2018.0,SaaS Tool,"Subscription, Free",≤ $100,EditorialSoftware,Software,Production Services,Promotional Content
90150840-17cd-4dcf-8221-276f06510490,Marvelous Designer,True,Marvelous Designer is a 3D clothing design software used for creating realistic virtual garments for fashion and character creation.,CLO Virtual Fashion LLC.,True,2011.0,2025,Subscription,"$501 – $1,000","3DDesignSoftware, ApparelSoftware",Software,"3D Asset Creation, Concept Development, Production Services","Scripted Content, Video Game, Promotional Content, Social, Unscripted, Location-Based Content"
1357797b-3c99-4fe6-a786-09e45d8ea341,Massive,True,Massive is an AI-driven crowd simulation software used to create realistic crowd scenes for film and games.,Massive Limited,True,1996.0,11,Subscription,"$5,001 – $10,000",3DDesignSoftware,Software,"Animation, FX-Simulation","Scripted Content, Video Game, Promotional Content, Unscripted"
3e827342-36ba-4deb-97a9-07ca5349ca15,MechDesigner,True,MechDesigner is a specialized software for mechanism and machine design in the field of mechanical engineering.,PSMotion,False,1999.0,16,Permanent,"$5,001 – $10,000",CADSoftware,Software,Design,Promotional Content
1ce4ac4b-9062-4843-a63e-1910170baf38,Nero,True,"Nero is a multimedia software suite for burning discs, managing media, and performing backup and recovery tasks.",Nero AG,True,1997.0,Nero 2026,Permanent,$101 – $500,VideoSoftware,Software,Production Services,Promotional Content
225a4746-022f-4566-83e0-bd5ce38d1bd1,PastePal,True,PastePal is a clipboard manager application for macOS and iOS that stores and organizes copied items.,Paste,True,2021.0,3.5,Permanent,≤ $100,DataManagement,Software,,Scripted Content
b9fbfc04-cbb2-4d08-963a-4c20fffaf45b,Steam Audio,True,3D spatial audio SDK for games and VR applications,Valve Corporation,True,2017.0,4.5.x,"Open-Source, Free",Free,Audio Software,Software,Sound Design,Scripted Content
f7b55d52-1665-49ed-8a3c-5426a0efc638,TestFit,True,AI-powered site planning and feasibility software for real estate development,TestFit Inc.,True,2017.0,SaaS Tool,Subscription,"$1,001 – $5,000",CADSoftware,Software,Design,Scripted Content
aff2ade9-0ebe-4781-8e1d-523017e0ea35,Box,True,Box.com is a cloud content management and collaboration platform that provides secure file sharing and storage for businesses.,Box Inc.,True,2005.0,SaaS Tool,"Subscription, Free",$101 – $500,"CloudPlatform, CommunicationAndTeamManagement",Cloud,Production Services,"Scripted Content, Video Game, Promotional Content, Social, Unscripted, Location-Based Content"
8fbe5dcb-5557-4c0b-bfcd-28fba0bcf468,Filmtrack,True,FilmTrack is a rights management and production management software for tracking film and television projects.,"FilmTrack, Inc",True,1996.0,SaaS Tool,Subscription,"$10,001+",DataManagement,Software,Production Services,"Scripted Content, Promotional Content"
3f4ef420-18cf-41e0-b83f-ff770d527473,Google Cloud Platform,True,"Google Cloud Platform (GCP) is a suite of cloud computing services offering compute, storage, networking, and machine learning.",Google LLC,True,2008.0,SaaS Tool,Consumption,Consumption,CloudPlatform,Cloud,Managed Services,"Scripted Content, Video Game, Promotional Content, Social, Unscripted, Location-Based Content"
9521b59d-7f3c-490e-b4ba-0ead23ff7214,Greenslate,True,Greenslate is a payroll and production management software designed specifically for the entertainment industry.,Greenslate,True,2008.0,SaaS Tool,Subscription,Consumption,CommunicationAndTeamManagement,Cloud,Production Services,"Scripted Content, Promotional Content"
d34da5a3-65f1-4886-92d0-15128392bb94,Hootsuite,True,"Hootsuite is a social media management platform used for scheduling, publishing, and analyzing content across multiple social networks.",Hootsuite,True,2008.0,SaaS Tool,"Subscription, Free",$101 – $500,ContentMarketingSoftware,Software,Production Services,"Promotional Content, Social"
167a95c7-c8bc-40b5-970f-037cbf56ab27,Mari,True,Foundry Mari is a professional 3D texture painting software used for creating high-resolution textures in VFX and game development.,The Foundry Visionmongers Ltd.,True,2010.0,8,Subscription,"$1,001 – $5,000",3DDesignSoftware,Software,3D Asset Creation,"Scripted Content, Video Game, Promotional Content, Social, Unscripted, Location-Based Content"
14289b83-8785-42f3-9245-943d7d92b37b,PIX (Pix System),True,Autodesk PIX is a secure collaboration and asset management platform for reviewing film and television content during production.,Pixelicious,True,2003.0,SaaS Tool,Subscription,Consumption,VideoSoftware,Cloud,Creative Supervision,"Scripted Content, Promotional Content"
3a2b92a7-2be0-425a-ae3b-47f11937ed0f,Pandora,True,Pandora is an internet radio and music streaming service that provides personalized music recommendations.,Pandora Media LLC,True,2005.0,SaaS Tool,"Subscription, Free",$101 – $500,VideoSoftware,Software,,"Promotional Content, Social, Unscripted"
b2fa82a9-0982-45ad-8781-93933aa4d53b,QlikView,True,QlikView is a business intelligence and data discovery platform for creating guided analytics applications and dashboards.,QlikTech International AB,True,1994.0,12.9,Subscription,"$1,001 – $5,000",DataManagement,Software,Managed Services,Scripted Content
00a24d02-e843-4e09-89ea-ff30e40aed8c,Red Giant Suite,True,Maxon Red Giant is a suite of visual effects and motion graphics plugins and software for video editors and artists.,Maxon,True,2002.0,2026,Subscription,"$501 – $1,000",VideoSoftware,Software,"Motion Graphics, Compositing","Scripted Content, Video Game, Promotional Content, Social, Unscripted, Location-Based Content"
1e992251-b741-455d-a517-411a50cf465c,StreamYard,True,Live streaming platform for broadcasting to multiple social media platforms,StreamYard Inc.,True,2018.0,SaaS Tool,Subscription,$101 – $500,VideoSoftware,Software,Production Services,Scripted Content
2ad57b38-8d79-4003-aac8-02cb033c2c99,Tekla Structures,True,Building Information Modeling (BIM) software for structural engineering,Trimble Inc.,True,1993.0,2025,Subscription,"$5,001 – $10,000",CADSoftware,Software,Design,Scripted Content
a02fdd08-9665-40e2-9d4a-020dea6d028c,Unreal Engine 4,True,Previous generation of Unreal Engine game development platform,"Epic Games, Inc.",True,2014.0,4.27 (Final Version),"Subscription, Free","$1,001 – $5,000","GameEngine, GameDevelopmentSoftware",Software,"Animation, Game Development, Extended Reality, Virtual Production","Scripted Content, Video Game, Promotional Content, Social, Unscripted, Location-Based Content"
47ab343e-b308-4a89-85e4-684df9e6ed9e,SketchBook,True,Digital art and drawing software,"Autodesk, Inc.",False,2005.0,6,Permanent,≤ $100,GraphicDesignSoftware,Software,Concept Development,"Scripted Content, Video Game, Promotional Content, Social, Unscripted, Location-Based Content"
6c82ab25-e585-417a-b658-a2731bb5d770,Transfer,True,File sharing and collaboration platform,WeTransfer,True,2009.0,SaaS Tool,"Subscription, Free",Consumption,DataManagement,Software,Production Services,Scripted Content
f3d8c87d-1d64-40d3-a081-62c017ca075b,YouTube BrandConnect,True,Platform connecting creators with brands for sponsorships.,Google,True,2013.0,SaaS Tool,Free,Consumption,ContentMarketingSoftware,Cloud,Production Services,"Scripted Content, Video Game, Promotional Content, Social, Unscripted, Location-Based Content"
3951810a-79c2-47e6-bca0-c1a84c494cbf,Adobe Audition,True,"Adobe Audition is a professional digital audio workstation for recording, mixing, and restoring audio content.",Adobe Inc.,True,1992.0,2025 (v25.x),Subscription,"$501 – $1,000",Audio Software,Software,Sound Design,"Scripted Content, Video Game, Promotional Content, Social, Unscripted, Reality, Location-Based Content"
892c4293-1ce8-4a99-ad40-83202f77a92c,Adobe Dimension,True,"Adobe Dimension is a 3D design and rendering software used for creating product mockups, branding, and packaging designs.",Adobe Inc.,False,2017.0,Integrated,Subscription,"$501 – $1,000",3DDesignSoftware,Software,"Concept Development, Communication, Lighting, Visual Effects, Rendering",Promotional Content
95c8f77b-3aca-461c-9f6c-310dacdc217e,Adobe Premiere Pro,True,"Adobe Premiere Pro is a professional non-linear video editing software for film, TV, and web content creation.",Adobe Inc.,True,1991.0,2025 (v25.x),Subscription,"$501 – $1,000",VideoSoftware,Software,Editorial,"Scripted Content, Video Game, Promotional Content, Social, Unscripted, Reality, Location-Based Content"
95155606-48c9-4685-9c7c-e1df5d770f56,Altair Inspire Render,True,Altair Inspire Render is a 3D rendering and animation software for creating photorealistic images and presentations of product designs.,Altair,True,2019.0,2025,Subscription,"$1,001 – $5,000",CADSoftware,Software,Design,Scripted Content
417fed79-2626-4986-aecd-ffd6dcb8e5e6,Amazon ECS,True,"Amazon Elastic Container Service (ECS) is a container orchestration service for deploying, managing, and scaling containerized applications on AWS.","Amazon Web Services, Inc.",True,2014.0,SaaS Tool,Consumption,Consumption,CloudPlatform,Cloud,Managed Services,"Scripted Content, Video Game, Promotional Content, Social, Unscripted, Reality, Location-Based Content"
b78b2ad7-d9eb-4a52-b632-b16b78bfaf8b,Assimilate Scratch,True,"Assimilate Scratch is a professional color grading, finishing, and dailies software for digital post-production workflows.","Assimilate, Inc.",True,2004.0,9.8,Subscription,"$501 – $1,000",VideoSoftware,Software,Production Services,"Scripted Content, Promotional Content, Unscripted"
e6dbfd70-64c7-4043-9038-248022217811,Autodesk Revit,True,"Autodesk Revit is a Building Information Modeling (BIM) software for architectural design, MEP engineering, and construction.","Autodesk, Inc.",True,2000.0,2026,Subscription,"$1,001 – $5,000",CADSoftware,Software,Design,Scripted Content
7f645b7d-f263-455d-a1c6-7bfbd17c6b64,Notion,True,"Notion is an all-in-one workspace application that combines notes, tasks, wikis, and databases for collaboration.",Notion Labs,True,2016.0,SaaS Tool,Subscription,"$501 – $1,000","CommunicationAndTeamManagement, DataManagement",Cloud,Production Services,"Scripted Content, Video Game, Promotional Content, Social, Unscripted, Location-Based Content"
ae270c01-6636-4f48-8bb8-bf9be70952f6,Amazon S3 Glacier,True,Amazon S3 Glacier is a low-cost cloud storage service designed for long-term data archiving and backup.,"Amazon Web Services, Inc.",True,2012.0,SaaS Tool,Consumption,Consumption,CloudPlatform,Cloud,Managed Services,"Scripted Content, Video Game, Promotional Content, Social, Unscripted, Reality, Location-Based Content"
4575960c-a766-4b45-829f-98444985e7ba,Autodesk VRED,True,Autodesk VRED is a 3D visualization and virtual prototyping software primarily used for automotive design and marketing.,"Autodesk, Inc.",True,2000.0,2026,Subscription,"$5,001 – $10,000",CADSoftware,Software,Design,Scripted Content
25400380-fea8-4d5d-92c8-4a1cb120bc4a,Ceros,True,Ceros is a cloud-based design platform for creating interactive and animated content for websites and digital experiences without coding.,Ceros,True,2007.0,SaaS Tool,Subscription,"$5,001 – $10,000",ContentMarketingSoftware,Software,Creative Research,Scripted Content
bb2fd43c-1be5-4cf6-8575-7dfb321dc1ce,Ecamm Live,True,"Ecamm Live is a live streaming and video production software for macOS, designed for content creators and professionals.",Ecamm Network,False,2017.0,5,Subscription,$101 – $500,VideoSoftware,Software,Production Services,Unscripted
b9fb7c42-0948-4397-989c-38cbcfd2538b,Figma,True,"Figma is a collaborative interface design and prototyping tool for creating websites, applications, and other digital products.","Figma, Inc.",True,2016.0,SaaS Tool,"Subscription, Free",$101 – $500,GraphicDesignSoftware,Cloud,UI Design,"Promotional Content, Social"
d077f546-fb81-4bed-b89f-7d332fd864f9,LinkedIn,True,LinkedIn is a professional networking and career development platform for connecting with colleagues and industry leaders.,PostGenerator,True,2003.0,SaaS Tool,"Subscription, Free",$101 – $500,CollaborationAndCommunication,Cloud,Production Services,Promotional Content
76aab195-6dec-497e-90f8-0e4ba58636e4,Linux,True,Linux is an open-source operating system kernel that serves as the foundation for numerous distributions used in servers and desktops.,The Linux Foundation,True,1991.0,Kernel 7.0,"Open-Source, Free",Free,OperatingSystem,Software,,"Scripted Content, Video Game, Promotional Content, Social, Unscripted, Location-Based Content"
97a1e0ea-57d7-4bb4-98c7-602334c5dd7d,NukeX,True,"Foundry NukeX is an extended version of Nuke that includes advanced tools for 3D compositing, tracking, and cleanup.",The Foundry Visionmongers Ltd.,True,2008.0,16,Subscription,"$10,001+",VideoSoftware,Software,Compositing,"Scripted Content, Video Game, Promotional Content, Social, Unscripted, Location-Based Content"
b7671629-c4e3-43d5-9a36-7175ce3e71f3,PowerDirector,True,"CyberLink PowerDirector is a video editing software for consumer and prosumer markets, offering a range of editing tools and effects.",CyberLink Corp.,False,2001.0,365 (2025 version),Subscription,$101 – $500,VideoSoftware,Software,Editorial,"Promotional Content, Social"
c90f8359-0406-4ca9-9523-4e61fb6b0f48,Snowflake,True,"Cloud data platform for data warehousing, analytics, and sharing",Snowflake Inc.,True,2014.0,SaaS Tool,Consumption,Consumption,DataManagement,Cloud,Managed Services,"Scripted Content, Video Game, Promotional Content, Social, Unscripted, Location-Based Content"
780d93da-49dc-4c4e-8840-2151e044f1d4,Social Blade,True,"Analytics platform for YouTube, Twitch, and social media stats.",Social Blade LLC,True,2008.0,SaaS Tool,"Subscription, Free",Free,CollaborationAndCommunication,Software,Production Services,Scripted Content
830c28fe-3ed1-44e8-a05e-e28382582a8c,Substance Painter,True,3D painting software for texturing models.,Adobe Inc.,True,2014.0,2025 (v11.x),Subscription,"$1,001 – $5,000","3DDesignSoftware, GameDevelopmentSoftware",Software,"3D Asset Creation, Game Development","Scripted Content, Video Game, Promotional Content, Social, Unscripted, Location-Based Content"
90b1ceb5-3d9f-4fff-98cb-ae323a83008c,Tableau,True,Business intelligence and data visualization platform,Salesforce Inc.,True,2004.0,2025.3,Subscription,"$1,001 – $5,000",DataManagement,Cloud,Managed Services,"Scripted Content, Video Game, Promotional Content, Social, Unscripted, Location-Based Content"
ac7adbdc-4795-4012-a050-f3f042e5dfe9,TeamViewer,True,Remote access and remote control software,TeamViewer AG,True,2005.0,15.5x,Subscription,"$501 – $1,000",CommunicationAndTeamManagement,Software,Design,Scripted Content
517437a5-cc07-4145-bf5f-75fdfad4ca67,Google Workspace,True,Google Workspace is a suite of cloud-based productivity and collaboration applications developed by Google.,Google LLC,True,2006.0,SaaS Tool,Subscription,$101 – $500,CommunicationAndTeamManagement,Cloud,Production Services,"Scripted Content, Video Game, Promotional Content, Social, Unscripted, Location-Based Content"
32408384-6b85-443e-8499-d701e96ee34d,Harmony,True,"Toon Boom Harmony is an industry-standard 2D animation software used for creating feature films, television series, and games.",Toon Boom Animation Inc.,True,1996.0,25,Subscription,"$1,001 – $5,000",VideoSoftware,Software,Animation,"Scripted Content, Promotional Content"
d14e8882-aa46-4a05-a8de-b3d52ab0a3ff,Muse,False,"Adobe Muse was a no-code website builder for creating responsive websites without writing code, now discontinued.",Adobe Inc.,False,2012.0,2018.1 (Final Version),Subscription,Consumption,GraphicDesignSoftware,Software,UI Design,Scripted Content
a7fea59f-487e-432b-8b7e-7beda50207de,Nuke,True,Foundry Nuke is a node-based digital compositing and visual effects software used in film and television post-production.,The Foundry Visionmongers Ltd.,True,1993.0,16,Subscription,"$1,001 – $5,000",VideoSoftware,Software,Compositing,"Scripted Content, Video Game, Promotional Content, Social, Unscripted, Location-Based Content"
beffd142-fb83-461e-80ac-ea25e2c5fdca,Onshape,True,"Onshape is a cloud-native 3D CAD platform that provides tools for product design, data management, and collaboration.",PTC,True,2015.0,SaaS Tool,"Subscription, Free","$1,001 – $5,000",CADSoftware,Software,Design,Scripted Content
75819ed6-44a8-4ee5-9bc2-dcc37d3e2b14,Procreate,True,"Procreate is a digital painting and illustration application designed for the iPad, known for its extensive brush library.",Savage Interactive,False,2011.0,6,Permanent,≤ $100,GraphicDesignSoftware,Software,"Concept Development, 3D Asset Creation","Scripted Content, Video Game, Promotional Content, Social, Unscripted, Location-Based Content"
c638032b-501d-4989-8158-bd630b66504e,Revizto,True,Collaboration software for BIM and project coordination.,Revizto,True,2011.0,6,Subscription,"$501 – $1,000",CADSoftware,Software,Production Services,Scripted Content
1120b294-9579-4611-a46c-fc57371f20c6,Rome,True,Unified developer tools for JavaScript and TypeScript,Rome Tools,True,2019.0,SaaS Tool,Subscription,Consumption,DataManagement,Software,Production Services,Scripted Content
0e5799a6-beb5-470a-be90-c7759bcd55e8,SolidWorks PCB,True,PCB design and electronic design automation software integrated with SolidWorks,Dassault Systemes,True,2016.0,(Discontinued),Subscription,"$1,001 – $5,000",CADSoftware,Software,Design,Scripted Content
8178c38b-1413-4e79-8a3a-6f68eaa3f577,Substance Designer,True,Node-based material authoring tool for 3D assets.,Adobe Inc.,True,2005.0,2025 (v15.x),Subscription,"$1,001 – $5,000","3DDesignSoftware, GameDevelopmentSoftware",Software,"3D Asset Creation, Game Development","Scripted Content, Video Game, Promotional Content, Social, Unscripted, Location-Based Content"
a2e679dc-720b-4516-aa41-976e7bfd1b3d,SyncSketch,True,Cloud-based review and approval platform for creative teams,SyncSketch,True,2016.0,SaaS Tool,Subscription,$101 – $500,VideoSoftware,Software,Concept Development,"Scripted Content, Video Game, Promotional Content, Social, Unscripted, Location-Based Content"
5338b7e0-d5d7-4729-9684-bc30b8f8a027,Syntheyes,True,Camera tracking and match-moving software for VFX.,"Boris FX, Inc.",True,2001.0,2510,Subscription,"$501 – $1,000",VideoSoftware,Software,Compositing,"Scripted Content, Promotional Content, Social, Unscripted, Location-Based Content"
29db4c95-8bd6-4e32-95aa-7e3e9bbc5e3b,Toon Boom Harmony,True,Professional 2D animation software for film and television,Toon Boom Animation Inc.,True,1996.0,25,Subscription,"$1,001 – $5,000",VideoSoftware,Software,Animation,"Scripted Content, Video Game, Promotional Content, Social, Unscripted, Location-Based Content"
9f4f425a-1165-4cb0-ab5f-e6949ef02cba,Trello,True,Visual project management and task board tool.,Atlassian,True,2011.0,SaaS Tool,"Subscription, Free",$101 – $500,CommunicationAndTeamManagement,Software,Production Services,Scripted Content
ea8c66e4-3373-489a-9129-939eb13267f7,R Programming Language,True,R is an open-source programming language and software environment for statistical computing and graphics.,R Foundation,True,1993.0,4.5.1,"Open-Source, Free",Free,SoftwareDeveloperKit,Software,Production Services,Scripted Content
e714d4ac-d855-4818-b923-fd574767f0aa,WriterDuet,True,Collaborative screenwriting software for film and television,WriterDuet,False,2013.0,SaaS Tool,Subscription,$101 – $500,Scriptwriting Software,Software,Scripting,"Scripted Content, Video Game, Promotional Content, Social, Unscripted, Location-Based Content"
d92d3501-b090-40c7-9066-cba72ea9d5f7,ANSYS,True,"Ansys is a comprehensive engineering simulation software used for structural, thermal, and fluid dynamics analysis.","Ansys, Inc.",True,1970.0,2025 R2,Subscription,"$10,001+",CADSoftware,Software,Design,Scripted Content
3705a73e-4738-4072-bea0-2cae822b88c9,Amazon Web Services,True,Amazon Web Services (AWS) is a comprehensive cloud computing platform offering scalable infrastructure and application services.,"Amazon Web Services, Inc.",True,2006.0,SaaS Tool,Consumption,Consumption,CloudPlatform,Cloud,Managed Services,"Scripted Content, Video Game, Promotional Content, Social, Unscripted, Reality, Location-Based Content"
2d099003-01e1-4952-ba72-2e18fd300101,Adobe Animate,True,"Adobe Animate is a vector animation software used to create interactive content for games, TV shows, and the web.",Adobe Inc.,True,1996.0,2025 (v25.x),Subscription,"$501 – $1,000","VideoSoftware, GraphicDesignSoftware",Software,Animation,"Promotional Content, Social, Scripted Content"
a4278d37-b85c-439e-a96c-331fbe39cd05,Adobe Photoshop,True,Adobe Photoshop is the industry-standard image editing and digital art software for photo manipulation and graphic design.,Adobe Inc.,True,1990.0,2025 (v27.x),Subscription,"$501 – $1,000","PhotographySoftware, GraphicDesignSoftware",Software,"Concept Development, 3D Asset Creation","Scripted Content, Video Game, Promotional Content, Social, Unscripted, Reality, Location-Based Content"
51046498-0e5a-4698-9cb5-323aff05bc58,Adobe Substance 3D,True,"Adobe Substance 3D is a comprehensive suite of tools for 3D texturing, material authoring, modeling, and rendering.",Adobe Inc.,True,2005.0,2025,Subscription,"$1,001 – $5,000",3DDesignSoftware,Software,3D Asset Creation,"Scripted Content, Video Game, Promotional Content, Social, Unscripted, Reality, Location-Based Content"
3a208932-1536-4398-8c6a-49301a8473e8,AudaxCeph Advantage,True,"AudaxCeph is a specialized software for dental imaging, cephalometric analysis, and orthodontic case management.",Audax d.o.o.,False,2011.0,8,Permanent,"$10,001+",HealthcareSoftware,Software,Design,Scripted Content
6907350d-8854-45a5-b241-7df3e7dc7d6d,Blender,True,"Blender is a free and open-source 3D creation suite supporting modeling, animation, rendering, and game development.",Stichting Blender Foundation,True,1994.0,5,"Open-Source, Free",Free,"3DDesignSoftware, GameEngine, VideoSoftware",Software,"3D Asset Creation, Visual Effects, FX-Simulation, Rendering","Scripted Content, Video Game, Promotional Content, Social, Unscripted, Location-Based Content"
3b78e953-8287-4e99-809b-a0f6b794e467,Character Creator,True,Reallusion Character Creator is a 3D character design software for creating realistic and stylized human characters for games and animation.,Reallusion Inc.,True,2015.0,5,Permanent,"$501 – $1,000",3DDesignSoftware,Software,3D Asset Creation,"Scripted Content, Video Game, Promotional Content"
30fce5ba-218b-49bd-a11d-9cd5bcdb7646,MySQL,True,MySQL is a popular open-source relational database management system (RDBMS) used for web applications and data warehousing.,Oracle Corporation,True,1995.0,9,"Open-Source, Free, Subscription",Free,SoftwareDeveloperKit,Software,Managed Services,Scripted Content
743b90fb-dcc6-48ff-ad9e-254237e06552,Cortex,True,Cortex VFX is an open-source framework from Image Engine used for film restoration and digital intermediate workflows in post-production.,MTI Film,True,2015.0,SaaS Tool,Subscription,$101 – $500,VideoSoftware,Software,Production Services,"Scripted Content, Promotional Content, Unscripted"
7b318ea1-1197-477b-9fc9-695a1b5a55c9,Deadline,True,AWS Thinkbox Deadline is a render farm management software for administering and managing distributed rendering of 3D and VFX projects.,"Amazon.com, Inc.",True,2004.0,10.4,Subscription,Consumption,Orchestration,"Software, Cloud",Rendering,"Scripted Content, Promotional Content, Unscripted, Location-Based Content"
0ed52028-22ce-4406-bfdc-32266b8f6de3,FFmpeg,True,"FFmpeg is a free and open-source collection of libraries and programs for handling video, audio, and other multimedia files.",FFmpeg,True,2000.0,8,"Open-Source, Free",Free,"VideoSoftware, SoftwareDeveloperKit",Software,Production Services,Video Game
7d633090-5333-462b-85ed-a3952fc4a4d4,Filmustage,True,Filmustage is an AI-powered script breakdown and production planning software for film and television projects.,Filmustage,False,2020.0,SaaS Tool,Subscription,$101 – $500,CommunicationAndTeamManagement,Cloud,Production Services,"Scripted Content, Promotional Content"
f3700628-ae5e-4780-aff0-3552bdde7407,Github,True,"GitHub is a web-based platform for version control and collaboration, allowing developers to host and review code.","GitHub, Inc. (Microsoft)",True,2008.0,SaaS Tool,"Subscription, Free",$101 – $500,"GameDevelopmentSoftware, SoftwareDeveloperKit","Software, Cloud","Game Development, Production Services","Scripted Content, Video Game, Promotional Content, Social, Unscripted, Location-Based Content"
9321776a-17a8-40a2-ae29-ec8b2c1c83b1,Google Drive,True,"Google Drive is a cloud storage service that allows users to store, synchronize, and share files across devices.",Google LLC,True,2012.0,SaaS Tool,"Subscription, Free",Consumption,"DataManagement, CollaborationAndCommunication",Cloud,Production Services,"Scripted Content, Video Game, Promotional Content, Social, Unscripted, Location-Based Content"
726ddfa4-cd25-4d06-bf25-757407f44144,LightWave 3D,True,"LightWave 3D is a 3D computer graphics software used for modeling, animation, and rendering in film and television.",NewTek Inc.,True,1990.0,2025,Permanent,$101 – $500,3DDesignSoftware,Software,"Animation, 3D Asset Creation","Scripted Content, Video Game, Promotional Content, Social, Unscripted, Location-Based Content"
1357797b-3c99-4fe6-a786-09e45d8ea341,MASV,True,MASV is a large file transfer platform designed for media professionals to send and receive massive files quickly and securely.,MASV Inc.,True,2017.0,SaaS Tool,Consumption,Consumption,Orchestration,Cloud,Production Services,"Scripted Content, Promotional Content, Unscripted, Location-Based Content"
b3a66ade-3450-42c2-bbbe-ef7909116e81,RealFlow,True,Next Limit RealFlow is a fluid and dynamics simulation software used for creating realistic liquid effects in VFX and animation.,Next Limit Technologies,True,1998.0,12,Subscription,"$1,001 – $5,000",3DDesignSoftware,Software,FX-Simulation,"Scripted Content, Promotional Content, Unscripted"
a91fb725-696f-42fe-b189-1947d644d301,Slack,True,"Team collaboration and communication platform with messaging, file sharing, and integrations",Slack Technologies,True,2013.0,SaaS Tool,"Subscription, Free",$101 – $500,CommunicationAndTeamManagement,Cloud,Production Services,"Scripted Content, Video Game, Promotional Content, Social, Unscripted, Location-Based Content"
3f5d0514-82a3-43ba-8c10-9374f68677c5,Studio Binder,True,Pre-production software for film and video projects including call sheets and shot lists,StudioBinder,False,2014.0,SaaS Tool,"Subscription, Free",$101 – $500,CollaborationAndCommunication,Cloud,Production Services,"Scripted Content, Video Game, Promotional Content, Social, Unscripted"
309f571a-a049-433f-b4a0-72e7da0f43b3,Grasshopper,True,"Grasshopper 3D is a visual programming tool for generative design, integrated with the Rhino 3D modeling software.",Robert McNeel & Associates,True,2007.0,(Part of Rhino 9),Permanent,Free,CADSoftware,Software,Design,Scripted Content
89989d93-d55b-4ad8-9e85-13b21359cab1,Lustre,False,"Autodesk Lustre is a professional color grading and finishing software for film and television, available within the Flame ecosystem.","Autodesk, Inc.",True,2003.0,2.17,"Open-Source, Free","$5,001 – $10,000",DataManagement,Software,Managed Services,Scripted Content
9e7d2dc2-7fbc-4ada-9ccc-840a8925d981,MoI 3D,True,"MoI 3D (Moment of Inspiration) is a 3D modeling software known for its precision, ease of use, and intuitive interface.",Triple Squid Software Design,False,2007.0,v6,Permanent,$101 – $500,CADSoftware,Software,Design,Promotional Content
55854217-557f-4d77-b031-3dab9119fdfc,OBS Studio,True,"OBS Studio is a free, open-source software for video recording and live streaming across multiple platforms.",lobstr,True,2012.0,32,"Open-Source, Free",Free,VideoSoftware,Software,Production Services,Scripted Content
f191e7cb-5eeb-4c2f-a00f-329b8581cf28,SampleTank,True,Virtual instrument and sample library software,IK Multimedia,True,2001.0,4.5,Permanent,$101 – $500,StockMediaSoftware,Software,Sound Design,Scripted Content
6bc02d5f-aeaf-4580-85e1-3dc2353d5382,Silhouette FX,True,Advanced compositing and visual effects version of Silhouette with enhanced features,Boris FX Inc.,True,2004.0,2025.5,Subscription,"$501 – $1,000",VideoSoftware,Software,Compositing,"Scripted Content, Promotional Content, Unscripted, Social, Location-Based Content"
51ed76e6-c84e-46f1-984f-b16302360890,TubeBuddy,True,YouTube channel management and optimization tools,TubeBuddy LLC,True,2014.0,SaaS Tool,"Subscription, Free",$101 – $500,ContentMarketingSoftware,Software,Production Services,Scripted Content
745dc601-3fca-434a-b66f-d313be1fc939,Visme,True,"Online design platform for presentations, infographics, and visual content",Visme,True,2013.0,SaaS Tool,"Subscription, Free",$101 – $500,ContentMarketingSoftware,Software,"Motion Graphics, UI Design",Scripted Content
5abde21a-f490-4296-b99d-947db7b39bd5,Vectorworks,True,CAD and BIM software for design and architecture.,Nemetschek SE,True,1985.0,2026,Subscription,"$1,001 – $5,000",CADSoftware,Software,"Production Services, Design","Scripted Content, Promotional Content, Social, Unscripted, Location-Based Content"
b8435d38-38b9-4338-b2d4-844fc5546eea,Wideo,True,Online video creation platform for marketing and business,Wideo,True,2012.0,SaaS Tool,"Subscription, Free",$101 – $500,"ContentMarketingSoftware, VideoSoftware",Software,Editorial,Scripted Content
37ce2e13-5c99-4765-ac5b-d5c54a125697,iClone,True,3D character animation software for real-time animation and rendering,Reallusion Inc.,True,2005.0,9,Permanent,"$501 – $1,000",3DDesignSoftware,Software,Animation,"Scripted Content, Video Game, Promotional Content, Social, Unscripted, Location-Based Content"
bb580a7d-35b9-44a9-9293-63a500f5da04,vidIQ,True,YouTube analytics and optimization platform,VidIQ,True,2013.0,SaaS Tool,"Subscription, Free",$101 – $500,ContentMarketingSoftware,Software,Production Services,Scripted Content
8acbe3dd-7096-4b4d-8ae7-4e4f3b32b1d5,iZotope RX,True,Professional audio repair and enhancement software suite,"iZotope, Inc.",True,2008.0,RX 12,Subscription,"$501 – $1,000",Audio Software,Software,Sound Design,"Scripted Content, Video Game, Promotional Content, Social, Unscripted, Location-Based Content"
ccae78b4-33b9-4f6b-aa47-b0fbde40d004,Adobe Creative Cloud Express,True,"Adobe Express is an all-in-one web and mobile design tool for creating social graphics, flyers, and simple videos.",Adobe Inc.,False,2016.0,SaaS Tool,Subscription,"$501 – $1,000","ContentMarketingSoftware, GraphicDesignSoftware",Cloud,3D Asset Creation,"Promotional Content, Social"
45af0b05-af55-4f68-8c43-7f49e0745355,Airtable,True,Airtable is a cloud-based platform that combines the functionality of a spreadsheet with a relational database for project management.,Formagrid,True,2015.0,SaaS Tool,"Subscription, Free",$101 – $500,CollaborationAndCommunication,Cloud,Production Services,"Scripted Content, Video Game, Promotional Content, Social, Unscripted, Reality, Location-Based Content"
d82161fb-dd74-4fe7-a7ed-6e5c012bdb48,Altair HyperWorks,True,Altair HyperWorks is a simulation-driven design and computer-aided engineering (CAE) platform for product development.,Altair,True,1990.0,2025,Subscription,"$10,001+",CADSoftware,Software,Design,Scripted Content
36bd4b58-2224-420f-a1bd-2efbbe6c6867,Avid Nexis,True,Avid Nexis is a software-defined shared storage system optimized for media production and post-production workflows.,"Avid Technology, Inc.",True,2016.0,2025.x System Software,Permanent,"$5,001 – $10,000",DataManagement,"Software, Physical, Cloud, Network",Design,"Scripted Content, Promotional Content, Social, Unscripted, Location-Based Content"
3f036bba-5f9f-49d8-ad41-0b5b2a4d236b,DaVinci Fusion,True,Fusion is the integrated compositing and visual effects software included within DaVinci Resolve for motion graphics and VFX.,Blackmagic Design Pty. Ltd.,True,1996.0,20,"Consumption, Free",$101 – $500,VideoSoftware,Software,"Compositing, Motion Graphics","Scripted Content, Promotional Content, Social, Unscripted"
4959c8b8-1edb-4ccb-9b82-7cf71f0defb5,Hypar,True,Hypar is a cloud-based architectural design platform that uses generative design for building design automation.,Hypar,True,2018.0,SaaS Tool,"Subscription, Free",$101 – $500,CADSoftware,Software,Generative AI,Scripted Content
f072340b-07e4-4888-ba2e-33e60544628d,IBM Cloud,True,"IBM Cloud is an enterprise cloud computing platform offering a suite of services including AI, data analytics, and security.","IBM, Inc.",True,2011.0,SaaS Tool,"Subscription, Free",Consumption,CloudPlatform,Cloud,Managed Services,"Scripted Content, Video Game, Promotional Content, Social, Unscripted, Location-Based Content"
b21cc738-235a-4198-8bb5-4cc7f484e703,ProductionHQ,True,ProductionHQ is a production management software template system for organizing and tracking film and video projects.,Unknown,False,1999.0,SaaS Tool,"Subscription, Free",$101 – $500,CommunicationAndTeamManagement,Software,Production Services,Scripted Content
02f93d11-97a8-47bb-940f-64600e99f19c,Adobe Illustrator,True,"Adobe Illustrator is an industry-standard vector graphics software for creating scalable artwork, logos, and illustrations.",Adobe Inc.,True,1987.0,2025 (v30.x),Subscription,"$501 – $1,000",GraphicDesignSoftware,Software,"3D Asset Creation, Communication, Concept Development, Game Development, Social & Communication, UI Design","Scripted Content, Video Game, Promotional Content, Social, Unscripted, Reality, Location-Based Content"
fc74003f-d166-459b-b1a3-6706e5cc7690,Adobe Media Encoder,True,Adobe Media Encoder is a video encoding application for rendering and exporting video and audio files into various formats.,Adobe Inc.,True,2003.0,2025 (v25.x),Subscription,"$501 – $1,000",VideoSoftware,Software,Editorial,"Scripted Content, Video Game, Promotional Content, Social, Unscripted, Reality, Location-Based Content"
887ad586-d989-4d42-8288-f2fcade15cc9,Final Cut Pro,True,"Apple Final Cut Pro is a professional non-linear video editing software for macOS, featuring advanced editing, color grading, and audio tools.",Apple Inc.,True,1999.0,11,Consumption,≤ $100,VideoSoftware,Software,Editorial,"Scripted Content, Promotional Content, Social, Unscripted, Reality"
30e61b01-b9a3-42fb-a5bc-98caa299fff1,Artlist,True,"Artlist is a licensing platform offering royalty-free stock footage, music, and sound effects for content creators and filmmakers.",Artlist,False,2015.0,SaaS Tool,Subscription,$101 – $500,StockMediaSoftware,Software,Production Services,Scripted Content
680d2749-e286-409f-98df-b2f8bc02f2a8,Daz Studio,True,"Daz Studio is a 3D figure modeling and animation software used for creating digital art, illustrations, and animations.","Daz Productions, Inc.",True,2005.0,4.25,"Permanent, Free",$101 – $500,3DDesignSoftware,Software,"Animation, 3D Asset Creation","Scripted Content, Video Game, Promotional Content, Unscripted"
e44a2171-57d8-4b4a-89d0-8d68e965e5a4,EditShare,True,EditShare is a collaborative video editing and media asset management platform for broadcast and post-production workflows.,"EditShare, LLC",True,2003.0,EFS 2025,Permanent,"$5,001 – $10,000",DataManagement,"Software, Physical","Production Services, Editorial","Scripted Content, Promotional Content, Social, Unscripted"
c4e3f384-eb16-462c-92a3-73c74fb12293,Enscape,True,Enscape is a real-time rendering and virtual reality plugin for architectural design and visualization software.,Enscape GmbH,False,2015.0,4.5,Subscription,"$501 – $1,000","3DDesignSoftware, CADSoftware",Software,Design,Promotional Content
1f78ad05-62e8-4427-95a9-cdd833a1b746,Final Draft,True,Final Draft is the industry-standard screenwriting software used for writing and formatting scripts for film and television.,"Final Draft, Inc.",False,1991.0,14,Permanent,≤ $100,Scriptwriting Software,Software,Scripting,"Scripted Content, Video Game, Promotional Content, Social, Unscripted, Location-Based Content"
e58d4495-b732-45c9-96fd-41dbc66b616c,Gorilla Scheduling,True,Gorilla Scheduling is a film and television production scheduling and budgeting software for producers and production managers.,Jungle Software,True,2002.0,7,Subscription,$101 – $500,CommunicationAndTeamManagement,Software,Production Services,"Scripted Content, Promotional Content"
fa1d941a-0886-46a2-8363-4b52d01fd0f4,KeyShot 2,False,"KeyShot 2 was a legacy version of the KeyShot 3D rendering software, now discontinued and no longer supported.","Luxion, Inc.",True,2010.0,2.3 (Final Version),Permanent,"$1,001 – $5,000",3DDesignSoftware,Software,Rendering,Promotional Content
f11a97f9-df6a-4383-a13c-ddd00219da44,Motion Builder,True,Autodesk MotionBuilder is a professional 3D character animation software used for motion capture data editing and real-time animation.,"Autodesk, Inc.",True,1995.0,2026,Subscription,"$1,001 – $5,000",3DDesignSoftware,Software,"Animation, Virtual Production","Scripted Content, Video Game, Promotional Content, Social, Unscripted, Location-Based Content"
9d9aed6d-0f1b-4c28-9ca4-730ed6d0b859,Pollination,True,"Pollination is a cloud platform for building performance simulation and analysis, integrated with environmental design tools.",Ladybug Tools,True,2019.0,SaaS Tool,Subscription,$101 – $500,CADSoftware,Software,Design,"Promotional Content, Social"
18e8c26a-9cca-4a0b-8af9-6727795b8d7a,Siemens NX,True,"Integrated CAD, CAM, and CAE software.",Siemens Digital Industries Software (Siemens AG),True,1973.0,NX 2506,Subscription,"$10,001+",CADSoftware,Software,Design,Scripted Content
acba8cd2-844b-4526-b311-f0be10307b3a,Trimble Connect,True,Cloud-based collaboration platform for construction and engineering projects,Trimble Inc.,True,2014.0,SaaS Tool,"Subscription, Free",$101 – $500,CADSoftware,Software,Design,Scripted Content
2f00dca9-ce70-4189-bbb3-2eeacd13594a,Baselight,True,FilmLight Baselight is a professional color correction and finishing system for film and television post-production.,FilmLight Limited,True,2004.0,7,Subscription,"$5,001 – $10,000",VideoSoftware,Software,Production Services,"Scripted Content, Promotional Content, Unscripted, Location-Based Content"
64aac646-bad1-42c2-8e7f-85c61e08ef65,Google Trends,True,Google Trends is a tool for analyzing the popularity of search queries in Google Search across various regions and languages.,Google LLC (Alphabet Inc.),True,2006.0,SaaS Tool,Subscription,Free,ContentMarketingSoftware,Cloud,Creative Research,"Promotional Content, Social"
b8d9dc6e-7320-45dd-a6a9-13171d59fb76,Manta,True,IBM Manta Data Lineage is a data lineage platform that provides visibility into data flows across complex systems.,University of Utah,True,2011.0,1.5,"Open-Source, Free","$10,001+",SoftwareDeveloperKit,Software,FX-Simulation,"Promotional Content, Video Game"
3406d56f-2140-4393-a41b-bf6254c17c8e,Marmoset,True,Marmoset Toolbag is a real-time rendering and texture baking software used by game developers and 3D artists.,Marmoset LLC,True,2010.0,5,Subscription,$101 – $500,3DDesignSoftware,Software,Rendering,Video Game
c5d6f0cf-a1f3-4cfb-9f13-94a3486044a8,Megascans,True,"Quixel Megascans is a large library of high-quality 3D surface scans, textures, and assets for use in digital environments.","Epic Games, Inc.",True,2015.0,SaaS Tool,"Subscription, Free",Free,StockMediaSoftware,Software,3D Asset Creation,"Scripted Content, Video Game, Promotional Content, Social, Unscripted, Location-Based Content"
a99b55c9-de45-4ec0-bea9-309a027d9d85,OneDrive,True,"Microsoft OneDrive is a cloud storage service that allows users to store and synchronize files across devices, integrated with Microsoft 365.",Microsoft Corporation,True,2007.0,SaaS Tool,"Subscription, Free",Consumption,"DataManagement, CommunicationAndTeamManagement",Cloud,Production Services,"Scripted Content, Video Game, Promotional Content, Social, Unscripted, Location-Based Content"
e8a630f2-c18c-47eb-a78a-ca0a73e75fbe,Scrivener,True,Writing and project management software for long-form content.,Literature & Latte,False,2007.0,3.5,Permanent,≤ $100,Scriptwriting Software,Software,Scripting,"Scripted Content, Video Game, Promotional Content, Social"
c77085ca-3d35-4d46-9b09-273631669faa,TouchDesigner,True,Visual development platform for interactive media.,Derivative Inc.,True,2008.0,2025.x,"Subscription, Free","$501 – $1,000",GameEngine,Software,"Motion Graphics, Extended Reality","Scripted Content, Video Game, Promotional Content, Social, Unscripted, Location-Based Content"
7102afc2-075b-4d8b-abf9-fa6dc63aa7fe,Vegas Pro,True,Professional video editing software,Magix Software,True,1999.0,23,Subscription,$101 – $500,VideoSoftware,Software,Editorial,"Scripted Content, Video Game, Promotional Content, Social, Unscripted, Location-Based Content"
a99fa809-c350-4015-876f-9b1e27ca6188,Visual Studio Code,True,Free source code editor with extensions and debugging support,Microsoft Corporation,True,2015.0,1.99,Subscription,$101 – $500,"GameDevelopmentSoftware, SoftwareDeveloperKit",Software,"Managed Services, Production Services, Game Development","Scripted Content, Video Game, Promotional Content, Social, Unscripted, Location-Based Content"
29313d01-1627-4bd1-b814-c6cf416234bb,Vitrina,True,AI-powered video personalization and analytics platform,VDO VITRINA INC.,True,2019.0,SaaS Tool,Subscription,$101 – $500,CollaborationAndCommunication,Cloud,Production Services,Scripted Content
8dbf4dad-e678-4122-bda6-2dc2587865e0,SAP Cloud,True,Enterprise cloud solutions for business processes.,SAP SE,True,2012.0,SaaS Tool,Consumption,Consumption,CloudPlatform,Cloud,Managed Services,"Scripted Content, Video Game, Promotional Content, Social, Unscripted, Location-Based Content"
bc5583ff-a44f-406d-8318-1c87d517df5d,Steinberg Nuendo,True,"Advanced DAW for film, TV, and game audio post-production.",Steinberg Media,True,2000.0,14,Permanent,"$1,001 – $5,000",Audio Software,Software,Sound Design,"Scripted Content, Video Game, Promotional Content, Social, Unscripted, Location-Based Content"
6e7e6ca0-fa8e-4292-8f83-d8a08f6ea7fe,WhatsApp,True,Instant messaging application for mobile and desktop,"Meta Platforms, Inc.",True,2009.0,SaaS Tool,Free,Free,CommunicationAndTeamManagement,Software,Production Services,"Scripted Content, Video Game, Promotional Content, Social, Unscripted, Location-Based Content"
531bd9c1-fe20-4b8e-90d5-985a1721e2ca,World Machine,True,Procedural terrain generation software.,World Machine Software LLC,True,2004.0,4020,Permanent,$101 – $500,"3DDesignSoftware, GameDevelopmentSoftware",Software,"Concept Development, 3D Asset Creation, Game Development, Worldbuilding","Scripted Content, Video Game, Promotional Content, Social, Unscripted, Location-Based Content"
91ce1f0d-a61f-4361-a45b-94f89572f2c5,ZBrush,True,Industry-standard digital sculpting and painting software,Maxon Computer GmbH,True,1999.0,2026,Subscription,"$501 – $1,000",3DDesignSoftware,Software,"3D Asset Creation, Concept Development","Scripted Content, Video Game, Promotional Content, Social, Unscripted, Location-Based Content"
af3c56b6-41ee-406f-a437-3f0b086a5480,ePaper,True,Digital publishing platform for creating interactive digital magazines and publications,Pressmart,False,1997.0,N/A (Technology),Permanent,Consumption,Display,Software,Production Services,Scripted Content
4ea34bec-5285-4bc2-a814-9f8ddcf59825,iZotope,True,Audio processing software and plugins for music production and post-production,"iZotope, Inc.",True,2001.0,Music Production Suite 7,Subscription,$101 – $500,Audio Software,Software,Sound Design,"Scripted Content, Video Game, Promotional Content, Social, Unscripted, Location-Based Content"
9e66feaf-5d85-4d81-bb74-077d22121716,Adobe After Effects,True,"Adobe After Effects is an industry-standard motion graphics and visual effects software for film, TV, video, and web.",Adobe Inc.,True,1993.0,2025 (v25.x),Subscription,"$501 – $1,000",VideoSoftware,Software,"Animation, Compositing, Concept Development, Visual Effects, Game Development, Generative AI, Matchmove, Motion Graphics, Production Services","Scripted Content, Video Game, Promotional Content, Social, Unscripted, Reality, Location-Based Content"
78895953-3754-4446-bf1e-1d187df6da27,Alibaba Cloud,True,"Alibaba Cloud is a global cloud computing platform offering a comprehensive suite of IaaS, PaaS, and SaaS solutions.",Alibaba,True,2009.0,SaaS Tool,Consumption,Consumption,CloudPlatform,Cloud,Managed Services,Scripted Content
55f9b3df-4cf5-4664-a02c-11f6e46258e0,Amazon EC2,True,Amazon Elastic Compute Cloud (EC2) is a cloud computing service that provides resizable virtual servers within the AWS infrastructure.,"Amazon Web Services, Inc.",True,2006.0,SaaS Tool,Subscription,Consumption,CloudPlatform,Cloud,Managed Services,"Scripted Content, Video Game, Promotional Content, Social, Unscripted, Reality, Location-Based Content"
7cb4b492-f6db-4e7f-b4fe-b4123fc38c3f,Apple Logic Pro,True,"Apple Logic Pro is a professional digital audio workstation (DAW) used for music production, editing, and mixing on macOS.",Apple Inc.,True,1993.0,11,Permanent,≤ $100,VideoSoftware,Software,Sound Design,"Scripted Content, Promotional Content, Social, Unscripted, Reality"
a6f46597-a32a-4eb3-9e16-a00aaca7542c,Apple Motion,True,"Apple Motion is a motion graphics and visual effects application designed for creating cinematic 2D and 3D titles, transitions, and effects.",Apple Inc.,True,2004.0,5.9,Permanent,≤ $100,VideoSoftware,Software,Motion Graphics,"Scripted Content, Promotional Content, Social, Unscripted, Reality"
86fe2e2d-e24e-47e0-a199-7a0c23d4de34,Bentley ProjectWise,True,Bentley ProjectWise is a collaboration and information management software for the design and construction of infrastructure projects.,"Bentley Systems, Incorporated",True,1998.0,CONNECT Edition 2025,Subscription,"$1,001 – $5,000",CADSoftware,Software,Design,Scripted Content
8259c886-a158-4244-9217-210db904b188,Buffer,True,"Buffer is a social media management platform used for scheduling, publishing, and analyzing social media content.",Buffer,True,2010.0,SaaS Tool,"Subscription, Free",$101 – $500,ContentMarketingSoftware,Software,Production Services,Scripted Content
232c329e-4537-48e6-9664-15edc519ad9b,Mantra,True,"Mantra is the built-in rendering engine for Houdini, used for creating photorealistic images and animations.",Side Effects Software Inc.,True,1996.0,21,Subscription,Free,3DDesignSoftware,Software,Rendering,"Scripted Content, Video Game, Promotional Content, Social, Unscripted, Location-Based Content"
a1a0da06-fdb9-433d-a9ca-895375d4149b,NoteTabs,True,"NoteTab is a text and HTML editor for Windows, known for its scripting capabilities and text processing features.",Tony L. Trinh (open-source project),True,1998.0,8.2,"Permanent, Free",≤ $100,EditorialSoftware,Software,Production Services,"Scripted Content, Video Game, Promotional Content, Social, Unscripted, Location-Based Content"
a35b058f-4f48-48fe-aace-de206c74d672,Corona Renderer,True,"Chaos Corona is a photorealistic ray-tracing renderer for 3ds Max and Cinema 4D, widely used in architectural visualization.",Chaos Software LTD EOOD,True,2015.0,12,Subscription,$101 – $500,3DDesignSoftware,Software,Rendering,"Promotional Content, Location-Based Content"
da5a45ee-f1f4-453a-b5ca-87902a1ed380,Final Cut,True,"Final Cut Studio was a professional suite of video production applications from Apple, discontinued in 2011.",Apple Inc.,True,1999.0,10.9,Permanent,≤ $100,VideoSoftware,Software,Editorial,"Scripted Content, Promotional Content, Social, Unscripted, Location-Based Content"
709ff0a9-71ef-40e3-9add-ed0e1fae2ef6,Frame.io,True,"Frame.io is a cloud-based video collaboration platform for review, approval, and workflow management, owned by Adobe.",Adobe Inc.,True,2015.0,SaaS Tool,"Subscription, Free","$501 – $1,000",VideoSoftware,Cloud,Creative Supervision,"Scripted Content, Promotional Content, Social, Unscripted"
b3915de0-99c6-423a-a448-01ab07519ce0,KeyShot 5,False,"KeyShot 5 was a legacy version of the KeyShot 3D rendering software, now discontinued and no longer supported.","Luxion, Inc.",True,2014.0,5.2 (Final Version),Permanent,"$501 – $1,000",3DDesignSoftware,Software,Rendering,Promotional Content
afbd9e51-5619-414c-99f6-23c7cbc8faef,Navisworks,True,"Autodesk Navisworks is a project review software for architecture, engineering, and construction that enables 3D model coordination.",Navigine,True,1997.0,2026,Subscription,"$1,001 – $5,000",CADSoftware,Software,Design,Scripted Content
97cf84fc-6615-455f-a4d0-496c9a117867,PHP,True,"PHP is an open-source, server-side scripting language widely used for web development and creating dynamic web pages.",PHP Group,True,1995.0,8.5,"Open-Source, Free",Free,SoftwareDeveloperKit,Software,Managed Services,Scripted Content
487f512a-584c-40ce-b09d-35855d863f91,PTC Creo,True,"PTC Creo is a suite of 3D CAD software used for product design, engineering, and manufacturing.",PTC Inc.,True,2011.0,12,Subscription,"$1,001 – $5,000",CADSoftware,Software,Design,Scripted Content
f20714d8-b343-4ca0-af22-b1de7aad4bea,Reaper,True,"Cockos Reaper is a complete digital audio production application offering multitrack audio and MIDI recording, editing, and mixing.",Cockos Inc.,True,2006.0,7.25,Permanent,≤ $100,VideoSoftware,Software,Sound Design,Scripted Content
f106c170-1ab9-413d-a44b-ca9dc998756a,RenderMan,True,Advanced 3D rendering software for film and television,Pixar,True,1989.0,27,Subscription,"$1,001 – $5,000",3DDesignSoftware,Software,Rendering,"Scripted Content, Promotional Content, Social, Unscripted, Location-Based Content"
6474a7fa-3d1b-4692-a270-e6116492bf16,Autodesk Inventor,True,Autodesk Inventor is a professional-grade 3D mechanical design and simulation software for product development and manufacturing.,"Autodesk, Inc.",True,1999.0,2026,Subscription,"$1,001 – $5,000",CADSoftware,Software,Design,Scripted Content
139b00d4-a986-4a4f-8395-32dbf480ff4c,CelAction,True,CelAction2D is a professional 2D animation software used for creating high-quality animation for television and film.,CelAction Ltd,True,2000.0,2D v6.0,Subscription,"$1,001 – $5,000",VideoSoftware,Software,Animation,"Scripted Content, Promotional Content, Unscripted, Location-Based Content"
f3caecb3-15d4-4357-afeb-6a945a8e0f2e,DaVinci Fairlight,True,Fairlight is the integrated professional digital audio mixing and post-production toolset within DaVinci Resolve.,Blackmagic Design Pty. Ltd.,True,1975.0,20,"Consumption, Free",$101 – $500,Audio Software,Software,Sound Design,"Scripted Content, Promotional Content, Social, Unscripted"
cf7b9ee4-85db-4ea1-b710-07b094d78f99,Dropbox,True,Dropbox is a cloud storage and file synchronization service that enables file sharing and collaboration across multiple devices.,Dropbox,True,2008.0,SaaS Tool,"Subscription, Free",$101 – $500,"DataManagement, CollaborationAndCommunication",Cloud,Production Services,"Scripted Content, Video Game, Promotional Content, Social, Unscripted, Location-Based Content"
2d89bde7-9b3c-45eb-bbf4-b2cc96a9f067,Houdini,True,"Houdini is a 3D procedural software for creating visual effects, motion graphics, and game assets.",Side Effects Software Inc.,True,1996.0,21,"Subscription, Free",Free,3DDesignSoftware,Software,Rendering,"Scripted Content, Promotional Content, Unscripted, Location-Based Content"
856e1f74-45f2-4960-ac09-cef4d31b8a99,MSC Nastran,True,MSC Nastran is a finite element analysis (FEA) software used for structural analysis and simulation in engineering.,Hexagon AB,True,1971.0,2025,Subscription,"$10,001+",CADSoftware,Software,Design,Scripted Content
1e11369a-db90-4e6e-9c96-3b3ed2e42ca1,Modo,False,"Foundry Modo is a comprehensive 3D modeling, sculpting, painting, and rendering application for artists and designers.",The Foundry Visionmongers Ltd.,True,2004.0,19,Subscription,END_OF_LIFE,3DDesignSoftware,Software,"3D Asset Creation, Rendering","Scripted Content, Video Game, Promotional Content, Social, Unscripted, Location-Based Content"
bc183524-cc8f-4839-983f-24746ec3ea58,PDF Expert,True,"PDF Expert is a PDF editor and reader application for macOS and iOS, used for annotating, editing, and signing PDF documents.",Readdle Inc.,True,2010.0,4,Subscription,≤ $100,CollaborationAndCommunication,Software,Production Services,Scripted Content
99c612fb-b464-4839-8f1c-9f62584744b8,Shake,False,Discontinued compositing software (legacy),Apple Inc.,False,1997.0,4.1 (Final Version),Permanent,END_OF_LIFE,VideoSoftware,Software,Compositing,Scripted Content
8e262d1b-4b73-4616-8994-0a69158b0892,ShotPut Pro,True,"Professional media offloading software for video, audio, and photo files with verified copy and checksum verification",Imagine Products,False,2006.0,2025.x,Permanent,$101 – $500,CollaborationAndCommunication,Software,Production Services,"Scripted Content, Promotional Content"
0f464891-8961-4b91-ba60-c4d4cd0fcdf3,Silverlight,False,Discontinued web application framework,Microsoft Corporation,False,2007.0,5.1 (Final Version),Free,END_OF_LIFE,SoftwareDeveloperKit,Software,Managed Services,Scripted Content
2b4bc96d-e8d3-44d3-9d5f-4f0256824031,SketchUp,True,"3D modeling software for architecture, interior design, and engineering",Trimble Inc.,True,2000.0,2025,"Subscription, Free",$101 – $500,"3DDesignSoftware, CADSoftware",Software,"Design, Concept Development","Scripted Content, Video Game, Promotional Content, Social, Unscripted, Location-Based Content"
e16acf99-9d51-4d2f-b10c-bc1afa27d7bd,Twinmotion,True,Real-time 3D immersion software for architecture and construction,"Epic Games, Inc.",True,2005.0,2025.2,"Subscription, Free",Free,CADSoftware,Software,Design,Promotional Content
8542a826-f0f7-4b8d-a6b7-1359207d203a,Unity,True,Cross-platform game engine and development platform,Unity Software Inc.,True,2005.0,2025.2 (LTS),"Subscription, Free",Free,"GameDevelopmentSoftware, GameEngine",Software,"Game Development, Animation, Rendering, Extended Reality, Lighting, Virtual Production, Worldbuilding","Scripted Content, Video Game, Promotional Content, Social, Unscripted, Location-Based Content"
7776ef1b-3948-4d1c-84f7-0e053cd0165b,Unreal Engine,True,Game engine and real-time 3D creation platform,"Epic Games, Inc.",True,1998.0,5.6,"Free, Subscription","$1,001 – $5,000","GameEngine, GameDevelopmentSoftware",Software,"Animation, Extended Reality, Game Development, Layout, Lighting, Rendering, Sound Design, Virtual Production, Worldbuilding","Scripted Content, Video Game, Promotional Content, Social, Unscripted, Location-Based Content"
a04c6207-8128-40ca-9cc0-c35cb152e86b,VRay,True,Photorealistic rendering software for 3D applications,Chaos Software LTD EOOD,True,2002.0,7,Subscription,"$501 – $1,000",3DDesignSoftware,Software,Rendering,"Scripted Content, Video Game, Promotional Content, Social, Unscripted, Location-Based Content"
6ea2ed7a-bbf4-45a5-80c1-46069f7b5c1e,Windows,True,Operating system for personal computers and servers,Microsoft Corporation,True,1985.0,Windows 12,Permanent,$101 – $500,OperatingSystem,Software,Production Services,"Scripted Content, Video Game, Promotional Content, Social, Unscripted, Location-Based Content"
9052e83d-cebd-4b50-85de-1cac1b8f2509,Workday,True,"Enterprise software for HR, payroll, and financial management.","Workday, Inc.",True,2005.0,SaaS Tool,Subscription,"$1,001 – $5,000",DataManagement,Cloud,Production Services,Scripted Content
4ba9bf49-16bc-44b5-bc1e-e541d7d04ee4,YouTube Studio,True,Creator dashboard for managing YouTube channels.,Google,True,2014.0,SaaS Tool,Free,Free,"ContentMarketingSoftware, VideoSoftware",Cloud,Production Services,"Scripted Content, Video Game, Promotional Content, Social, Unscripted, Location-Based Content"
7c34adce-41d4-418f-9c6c-13e474bbb391,Adobe InDesign,True,Adobe InDesign is a professional desktop publishing and page layout design software for print and digital media.,Adobe Inc.,True,1999.0,2025 (v21.x),Subscription,"$501 – $1,000",GraphicDesignSoftware,Software,Concept Development,Scripted Content
39ba1356-9c29-444e-a7f8-31bae4a76309,Adobe Premiere Rush,False,"Adobe Premiere Rush is a simplified, cross-device video editing app designed for creating and sharing social media content.",Adobe Inc.,False,2018.0,SaaS Tool,"Free, Subscription",≤ $100,VideoSoftware,Cloud,Editorial,"Promotional Content, Social"
cdd71368-1a16-4463-bd0c-fa40d1bac916,Archicad,True,Graphisoft Archicad is a Building Information Modeling (BIM) software used by architects for architectural design and documentation.,GRAPHISOFT,True,1984.0,29,Permanent,"$1,001 – $5,000",CADSoftware,Software,Design,Scripted Content
ff6353bd-4d9c-4258-aab4-0d1e4558bde7,Autodesk BIM 360,True,Autodesk BIM Collaborate Pro is a cloud-based platform for design collaboration and coordination in construction projects.,"Autodesk, Inc.",True,2012.0,SaaS Tool,Subscription,"$1,001 – $5,000",CADSoftware,Cloud,Design,Scripted Content
7b4e6b11-026c-469b-b985-c31c9d4f9c5a,Autodesk Vault,True,Autodesk Vault is a data management software that helps design and engineering teams manage their project data and documentation.,"Autodesk, Inc.",True,2003.0,2026,Subscription,"$501 – $1,000",DataManagement,Cloud,Design,Scripted Content
6a0a089e-76cf-4969-affb-8acce822d3dd,Entertainment Partners Payroll,True,Entertainment Partners Payroll is a payroll and production accounting software specialized for the entertainment industry.,IPConfigure,True,1976.0,SaaS Tool,Subscription,$101 – $500,CollaborationAndCommunication,Software,Production Services,"Scripted Content, Promotional Content"
e718926a-d1f9-4f17-9d2c-1818a5b64dd6,Krita,True,"Krita is a free and open-source digital painting application designed for concept art, illustration, and texture painting.",Krita Foundation,True,2005.0,6,"Free, Open-Source",Free,VideoSoftware,Software,"Compositing, Animation","Scripted Content, Promotional Content"
9e779ced-84bd-42b6-8f9a-02dbdd3d350a,Movie Magic Budgeting,True,Movie Magic Budgeting is an industry-standard software for creating and managing production budgets for film and television.,Entertainment Partners,True,1987.0,8,Subscription,"$501 – $1,000",VideoSoftware,Software,Production Services,"Scripted Content, Promotional Content, Unscripted"
5ba411f4-23e5-48ee-910a-177a99f351e8,Quill,True,"Quill.org is a non-profit organization that provides free, interactive literacy activities for students to improve their writing skills.",Facebook/Meta,True,2016.0,2.2,Permanent,Free,3DDesignSoftware,Software,Concept Development,"Scripted Content, Video Game, Promotional Content"
786d8193-08a2-4b2e-bc09-969fc5bed57d,Steinberg Cubase,True,Professional music production and DAW software.,Steinberg Media,True,1989.0,14,Permanent,$101 – $500,Audio Software,Software,Sound Design,"Scripted Content, Video Game, Promotional Content, Social, Unscripted, Location-Based Content"
dcfda79d-b129-4f01-90bd-f57494147bd4,Autodesk Robot Structural Analysis,True,Autodesk Robot Structural Analysis is a structural analysis and design software for engineers to simulate loads and verify code compliance.,"Autodesk, Inc.",True,1989.0,2026,Subscription,"$1,001 – $5,000",CADSoftware,Software,Design,Scripted Content
5a201845-17f9-4ee7-adbc-ab79d2c8f18e,Azure Blob Storage,True,"Azure Blob Storage is Microsoft's object storage solution for the cloud, designed for storing massive amounts of unstructured data.",Microsoft Corporation,True,2010.0,SaaS Tool,Consumption,Consumption,CloudPlatform,Cloud,Managed Services,"Scripted Content, Video Game, Promotional Content, Social, Unscripted, Location-Based Content"
c42d9f9d-c829-46bd-853c-d2e6199bd316,Bentley STAAD.Pro,True,Bentley STAAD.Pro is a structural analysis and design software used by civil and structural engineers.,"Bentley Systems, Incorporated",True,1997.0,CONNECT Edition 2025,Subscription,"$1,001 – $5,000",CADSoftware,Software,Design,Scripted Content
86443d4d-5bd4-4fda-a34f-fc945adf84ea,Flight,True,Jeppesen FliteDeck Pro is a flight planning and navigation software used by pilots in the aviation industry.,Flight,True,1982.0,2026,Subscription,Consumption,GameEngine,Software,Game Development,Video Game
b920335a-518b-49cb-b45c-c8d228aa0f16,Google Cloud Anvato,True,Google Cloud Anvato is an enterprise video hosting and streaming platform integrated with Google Cloud services.,Google LLC,True,2007.0,SaaS Tool,Consumption,Consumption,CloudPlatform,Cloud,Managed Services,Promotional Content
bd6caeda-d7c5-46c6-be46-4ddcaab3ac8b,Cinema 4D,True,"Maxon Cinema 4D is a professional 3D modeling, animation, and rendering software for motion graphics and visual effects.",Maxon Computer GmbH,True,1993.0,2026,Subscription,"$1,001 – $5,000",3DDesignSoftware,Software,"Animation, 3D Asset Creation, Visual Effects, Concept Development, FX-Simulation, Game Development, Lighting, Worldbuilding","Scripted Content, Video Game, Promotional Content, Social, Unscripted, Location-Based Content"
7748383b-0a0e-4a45-b814-1f1ddc65cdc4,NVIDIA Mental Ray,False,"Mental Ray was an advanced ray tracing rendering engine used to create photorealistic imagery in 3D graphics, now discontinued.",NVIDIA,True,1989.0,3.14 (Final Version),Permanent,END_OF_LIFE,3DDesignSoftware,Software,Rendering,"Scripted Content, Video Game, Promotional Content, Social, Unscripted, Location-Based Content"
7774f287-3910-4132-9a30-32e2434f4e9a,Oracle Cloud,True,Oracle Cloud Infrastructure (OCI) is a suite of cloud computing services that runs on the Oracle Cloud platform.,Oracle Corporation,True,2012.0,SaaS Tool,"Subscription, Free",Consumption,CloudSoftware,Cloud,Managed Services,"Video Game, Scripted Content, Promotional Content, Social, Unscripted, Location-Based Content"
fa1472fe-02de-4c45-bb9d-8fa3dae61dcb,Avid Pro Tools,True,"Avid Pro Tools is a professional digital audio workstation (DAW) for music production, audio post-production, and mixing.","Avid Technology, Inc.",True,1991.0,2025.9,Subscription,$101 – $500,Audio Software,Software,Sound Design,"Scripted Content, Video Game, Promotional Content, Social, Unscripted, Location-Based Content"
9f6600d9-beb1-4b88-87de-5b1cde93e7ee,Sketch,True,Vector graphics editor and digital design tool for UI/UX design on macOS,Sketch B.V.,True,2010.0,99,Subscription,$101 – $500,GraphicDesignSoftware,Software,Concept Development,"Promotional Content, Social"
8465778e-726d-4f32-aa4b-170da58b28b4,Telestream Vidchecker,True,File-based video QC and compliance software.,"Telestream, LLC",True,2010.0,8.2,Subscription,"$5,001 – $10,000",VideoSoftware,Cloud,Production Services,"Scripted Content, Promotional Content, Unscripted"
2b5bcc1c-6501-4f69-adde-aba3c8cc67ba,Backstage,True,"Backstage is an open-source developer portal platform, originally created by Spotify, for building and managing infrastructure tooling.",Backstage,True,2020.0,2,Free,Free,CollaborationAndCommunication,Cloud,Production Services,Scripted Content
280cd68f-7925-4bd5-9269-118547812f51,Evernote,True,"Evernote is a note-taking and organization application for capturing, organizing, and sharing notes and ideas.",Bending Spoons S.p.A. (Evernote Corporation),True,2008.0,10.9x,"Subscription, Free",$101 – $500,CollaborationAndCommunication,Cloud,Production Services,"Scripted Content, Video Game, Promotional Content, Social, Unscripted, Location-Based Content"
15427449-ae52-4f1f-8ace-969f70a43067,Mac,True,macOS is the proprietary operating system developed by Apple for its line of Macintosh computers.,Apple Inc.,True,1984.0,macOS 16,Free,Free,OperatingSystem,Software,,"Scripted Content, Video Game, Promotional Content, Social, Unscripted, Location-Based Content"
5dfc3e1a-efd6-4036-abae-cbfbb48b996f,Perforce,True,Perforce Helix Core is a version control and collaboration platform for managing large codebases and digital assets.,"Perforce Software, Inc.",True,1995.0,2025.2 (Helix Core),"Subscription, Free",$101 – $500,GameDevelopmentSoftware,Software,"Game Development, Production Services","Video Game, Scripted Content, Unscripted, Location-Based Content"
7477c092-5b16-4e33-8da0-b71071ea5314,Qlik Sense,True,Qlik Sense is a business intelligence and data visualization platform that enables self-service data analytics.,QlikTech International AB,True,2014.0,November 2025 Release,Subscription,"$1,001 – $5,000",DataManagement,Software,Managed Services,Scripted Content
b56337b6-e477-4295-b1b2-e6e3953a942b,SolidWorks,True,3D CAD design software for mechanical engineering and product design,Dassault Systemes,True,1995.0,2026,Subscription,"$1,001 – $5,000",CADSoftware,Software,Design,Scripted Content
ee93a206-e354-4a91-af3d-7204e3b6b24f,Spike,True,Email and messaging platform that converts email into chat-like conversations,Spike Technologies,True,2013.0,SaaS Tool,Subscription,Consumption,CommunicationAndTeamManagement,Software,Game Development,Scripted Content
b2d11a69-9fc2-40e7-8cf9-dc74f795954d,Sun Studio,False,"Integrated development environment for C, C++, and Fortran",Oracle Corporation,True,2003.0,12.6 (Final Version),Subscription,≤ $100,SoftwareDeveloperKit,Software,Managed Services,"Scripted Content, Promotional Content, Unscripted"
535d00e4-0608-4530-9905-7f4af927a27a,Terragen,True,3D landscape and terrain generation software,Planetside Software LLC,True,1999.0,4.8,Subscription,"$501 – $1,000",3DDesignSoftware,Software,"3D Asset Creation, Game Development, Worldbuilding","Scripted Content, Video Game, Promotional Content, Social, Unscripted, Location-Based Content"
92d0f845-dc22-40d1-b6fc-c344cf7336ea,VoiceQ,True,ADR and dubbing software for film and TV localization.,Kiwa Digital Ltd.,True,2008.0,7,Subscription,"$501 – $1,000",Audio Software,Software,Production Services,Scripted Content
deffd647-6608-4e45-bbcd-f9c6db73e07f,ftrack,True,Project management and collaboration platform designed for creative teams in media and entertainment,Backlight Parent Corporation,True,2011.0,SaaS Tool,Subscription,"$501 – $1,000",CollaborationAndCommunication,Cloud,Production Services,"Scripted Content, Promotional Content, Social, Unscripted"
36b47401-e1d7-4c74-99b2-ed6574a872bb,nTopology,True,Generative design software for advanced engineering.,"nTop, Inc.",True,2019.0,5,Subscription,"$10,001+",CADSoftware,Software,3D Asset Creation,Scripted Content
b55a2ad5-b983-4b1f-b91d-a89dc0c7e697,Autodesk 3ds Max,True,"Autodesk 3ds Max is a professional 3D modeling, animation, and rendering software used for design visualization, games, and film.","Autodesk, Inc.",True,1996.0,2026,Subscription,"$1,001 – $5,000",3DDesignSoftware,Software,"Animation, 3D Asset Creation, Concept Development, Visual Effects, FX-Simulation, Game Development, Layout, Lighting, Motion Graphics, Previsualization, Rendering, Virtual Production, Virtual Scouting, Worldbuilding","Scripted Content, Video Game, Promotional Content, Social, Unscripted, Reality, Location-Based Content"
e79d87df-1c92-43e2-8b7a-dd31be436851,APM Music,True,"APM Music is a production music library providing licensed tracks for film, television, games, and advertising.",Snapmuse,False,1983.0,SaaS Tool,Subscription,Consumption,StockMediaSoftware,Software,Sound Design,Scripted Content
30a4cefa-e040-46e7-a7f9-f7407f9642f3,Altair Inspire,True,Altair Inspire is a simulation-driven design and optimization software used for creating lightweight and efficient structural designs.,Altair,True,2009.0,2025,Subscription,"$1,001 – $5,000",CADSoftware,Software,Design,Scripted Content
f2b67b92-72d2-4dd2-8f8d-7aa23b5fc32b,Amazon S3,True,"Amazon Simple Storage Service (S3) is an object storage service offering industry-leading scalability, data availability, and security.","Amazon Web Services, Inc.",True,2006.0,SaaS Tool,Consumption,Consumption,CloudPlatform,Cloud,Managed Services,"Scripted Content, Video Game, Promotional Content, Social, Unscripted, Reality, Location-Based Content"
05e9aef9-8467-4fe2-b76d-70f65dbe7197,Canva,True,"Canva is a web-based graphic design platform for creating social media graphics, presentations, and other marketing materials.",Canva Pty Ltd,True,2013.0,SaaS Tool,Subscription,$101 – $500,"GraphicDesignSoftware, ContentMarketingSoftware",Cloud,Concept Development,"Promotional Content, Social"
9171bb20-a994-4ce3-a828-6f5dba616901,Godot Engine,True,Godot Engine is a free and open-source game engine that supports both 2D and 3D game development.,Okam Studio,True,2014.0,4.5,"Free, Open-Source",Free,GameEngine,Software,Game Development,Video Game
87b95ba2-8921-4807-9aa8-dd175bfa48a1,QuadSpinner Gaea,True,"QuadSpinner Gaea is a terrain generation software for creating realistic landscapes for games, film, and visualization.",QuadSpinner,True,2019.0,2,"Permanent, Free",$101 – $500,"3DDesignSoftware, GameDevelopmentSoftware",Software,"3D Asset Creation, Game Development, Worldbuilding","Scripted Content, Video Game, Promotional Content, Social, Unscripted, Location-Based Content"
730d99d1-e060-4d79-bfe6-f5469b44757a,Autodesk Arnold,True,Autodesk Arnold is an advanced Monte Carlo ray tracing renderer used for creating photorealistic visual effects and animations.,"Autodesk, Inc.",True,1999.0,7.4,Subscription,$101 – $500,3DDesignSoftware,Software,Rendering,"Scripted Content, Video Game, Promotional Content, Social, Reality, Unscripted, Location-Based Content"
76106c57-2af5-4b36-a42c-4a7f93aa4838,Autodesk Maya,True,"Autodesk Maya is a professional 3D computer animation, modeling, simulation, and rendering software for film, games, and television.","Autodesk, Inc.",True,1998.0,2026,Subscription,"$1,001 – $5,000",3DDesignSoftware,Software,"Animation, 3D Asset Creation, Visual Effects, FX-Simulation, Layout, Lighting, Motion Graphics, Rendering, Worldbuilding","Scripted Content, Video Game, Promotional Content, Social, Reality, Location-Based Content"
a8f6cfe6-2754-4042-909a-a494f4de42f3,Autodesk MotionBuilder,True,Autodesk MotionBuilder is a professional 3D character animation software used for motion capture data editing and real-time animation.,"Autodesk, Inc.",True,1995.0,2026,Subscription,"$1,001 – $5,000",3DDesignSoftware,Software,Animation,"Scripted Content, Video Game, Promotional Content, Social, Reality, Location-Based Content"
69dce04f-c26a-4b5a-aa24-b98526d09099,CATIA,True,"Dassault Systèmes CATIA is a comprehensive 3D CAD software suite used for product design, engineering, and manufacturing.",Dassault Systemes,True,1982.0,R2026x,Subscription,"$5,001 – $10,000",CADSoftware,Software,Design,Scripted Content
772cf9f7-d467-49b7-b337-4bf5fa524ad5,COMSOL Multiphysics,True,COMSOL Multiphysics is a simulation software for physics-based modeling and analysis across various engineering disciplines.,COMSOL AB,True,1998.0,6.4,Subscription,"$10,001+",CADSoftware,Software,Design,Scripted Content
04fcb013-f2bd-407e-a490-4e291fefde17,Celtx,True,"Celtx is a cloud-based pre-production suite used for screenwriting, storyboarding, and production planning.",Backlight Parent Corporation,False,2006.0,SaaS Tool,Subscription,"$501 – $1,000",CommunicationAndTeamManagement,Cloud,Production Services,"Scripted Content, Video Game, Promotional Content, Social, Unscripted"
e9176e8d-8e8e-40c2-8a4c-dc49aa4001ca,Grit,True,Grit is a game engine and development framework for creating interactive 3D experiences and games.,Grit Game Engine,True,2008.0,2.7.x,"Free, Open-Source",Free,"GameEngine, GameDevelopmentSoftware","Software, Cloud",Managed Services,Video Game
d720703d-81c5-4087-85b1-efc6c4a152af,Rotopaint,False,Rotoscoping and paint tool within Nuke,The Foundry Visionmongers Ltd.,True,1993.0,(Part of Nuke 16.0),Subscription,Free,VideoSoftware,Software,Compositing,Scripted Content
41388f91-5672-4c48-99b0-0cd862563c10,Stingray,False,Discontinued 3D game engine,"Autodesk, Inc.",True,2015.0,1.9 (Final Version),Subscription,END_OF_LIFE,GameEngine,Software,Game Development,Scripted Content
bce241a6-dcaf-482f-b5a3-4712f21102b8,Vibeo,True,Video collaboration and review platform,Vibeo,True,2021.0,SaaS Tool,"Subscription, Free",Consumption,CommunicationAndTeamManagement,Software,Production Services,Scripted Content
b0521f78-356d-4d00-b2ca-a923750e4091,Bluebeam Revu,True,"Bluebeam Revu is a PDF editing and markup software specialized for the architecture, engineering, and construction (AEC) industries.","Bluebeam, Inc.",True,2002.0,22,Subscription,"$501 – $1,000",VideoSoftware,Software,Production Services,Scripted Content
0dfdb77a-920e-4565-8cae-7e9f44cbe1c0,Katana,True,Foundry Katana is a 3D lighting and look development software used in high-end VFX and animation production pipelines.,The Foundry Visionmongers Ltd.,True,2004.0,8,Subscription,"$5,001 – $10,000",3DDesignSoftware,Software,Lighting,"Scripted Content, Promotional Content"
7ee994b8-68a5-4b4a-9431-6b4e7adca47c,Microsoft Office 365,True,"Microsoft 365 is a subscription-based productivity suite that includes applications like Word, Excel, and PowerPoint.",Microsoft Corporation,True,2011.0,SaaS Tool,Subscription,$101 – $500,CommunicationAndTeamManagement,"Cloud, Software",Production Services,"Scripted Content, Video Game, Promotional Content, Social, Unscripted, Location-Based Content"
c9d6447d-a002-4c76-a998-bf27a3d57bcf,Phoenix FD,True,"Chaos Phoenix is a fluid dynamics simulation software for 3ds Max and Maya, used to create fire, smoke, and liquid effects.",Chaos Software LTD EOOD,True,2010.0,5.2,Subscription,"$501 – $1,000",3DDesignSoftware,Software,FX-Simulation,"Scripted Content, Promotional Content, Location-Based Content, Unscripted"
df4552f5-e1b5-4cdb-a7b6-38f3f22f1453,PremiumBeat,True,PremiumBeat is a royalty-free music and sound effects library that provides licensed audio for creative projects.,Shutterstock Inc.,True,2005.0,SaaS Tool,Subscription,$101 – $500,StockMediaSoftware,Software,Production Services,Scripted Content
0f14dbac-6ed5-4f5f-b02e-b61335ec7879,Promethean,True,Promethean provides interactive display and educational technology solutions for classrooms and collaborative environments.,Promethean,True,1996.0,3.2 (ActivInspire),Permanent,Consumption,Education,Software,Education,Scripted Content
c6eff389-3169-4c67-85f7-3dc977f662cf,Sapien Technologies,True,PowerShell and Windows development tools,Sapien Technologies,True,1997.0,2025 versions,Subscription,Consumption,SoftwareDeveloperKit,Software,Design,Scripted Content
910d2965-632f-4787-940c-e09e9feac958,SharePoint,True,Web-based collaboration and document management platform,Microsoft Corporation,True,2001.0,SaaS Tool,Subscription,$101 – $500,CollaborationAndCommunication,Software,Production Services,"Scripted Content, Video Game, Promotional Content, Social, Unscripted, Location-Based Content"
9048dd88-ca55-441e-bbb5-9e8970573fe0,Sound Forge,True,Digital audio editing software for Windows,Magix Software,False,1993.0,Pro 19,Subscription,$101 – $500,Audio Software,Software,Sound Design,Scripted Content
3a127ba2-672b-4144-b346-a3409a5e6cb5,Spyne,True,AI-powered automotive photography and image processing platform,Spyne Technologies,True,2018.0,SaaS Tool,Subscription,Consumption,"PhotographySoftware, GenerativeAISoftware",Software,Generative AI,Promotional Content
5ec37ace-56be-4559-823b-910c6a391a3d,Unreal Engine 3,True,Legacy version of Unreal Engine game development platform,"Epic Games, Inc.",False,2006.0,3.5 (Final UDK),"Free, Subscription","$1,001 – $5,000","GameEngine, GameDevelopmentSoftware",Software,"Animation, Game Development, Extended Reality, Rendering, Worldbuilding","Scripted Content, Video Game, Promotional Content, Social, Unscripted, Location-Based Content"
14889792-9cb1-43fc-add7-bfcf3ae280a8,Tahoma2D,True,Open-source 2D animation software,Tahoma2D Team,True,1993.0,2,"Open-Source, Free",Free,GraphicDesignSoftware,Software,Animation,Scripted Content
8dfadee1-32d0-4e04-aae5-84312d6e5df8,VizRT,True,Real-time graphics and video production software for broadcast.,Vizrt Group AS,True,1997.0,Viz Engine 5.2,Subscription,"$10,001+","GameEngine, VideoSoftware",Software,Motion Graphics,Unscripted
d07a9de3-db57-4a66-9c86-44102a229673,Altair Inspire Studio,True,"Altair Inspire Studio is an industrial design software that integrates sketching, modeling, and rendering into a single workflow.",Altair,True,2019.0,2025,Subscription,"$1,001 – $5,000",CADSoftware,Software,Design,Scripted Content
a1bd5e4b-8452-4a1a-9de0-28dc7d3ea633,Autodesk Fusion,True,"Autodesk Fusion 360 is a cloud-based 3D CAD, CAM, CAE, and PCB design platform for integrated product development.","Autodesk, Inc.",True,2013.0,SaaS Tool,Subscription,"$501 – $1,000",CADSoftware,Software,Design,Scripted Content
17a5c1cc-e13e-47e9-afcc-45da08c7166b,Aximmetry Virtual Production Platform,True,Aximmetry Virtual Production Platform is a real-time virtual studio and augmented reality broadcasting system for media production.,Aximmetry Technologies Ltd.,True,2008.0,2025.x,Subscription,"$1,001 – $5,000","GameEngine, VideoSoftware",Software,Virtual Production,"Scripted Content, Promotional Content, Unscripted, Location-Based Content"
e7b7fe5d-5ef8-4307-91bf-27fbac72a0a9,Clarisse iFX,False,"Clarisse iFX was a high-end 3D computer graphics software for look development, lighting, and rendering in VFX, now discontinued.",Isotropix,True,2012.0,6,Subscription,END_OF_LIFE,VideoSoftware,Software,"Lighting, Rendering",Scripted Content
79d12ba1-55b1-413d-823c-c78608583360,Autodesk Dynamo,False,Autodesk Dynamo is a visual programming tool that enables computational design and automation within BIM workflows.,"Autodesk, Inc.",True,2011.0,3.6.1,Subscription,Free,CADSoftware,Software,Design,Scripted Content
2f273584-0778-4a26-8e90-ece12c7f0c4e,Autodesk Flame,True,"Autodesk Flame is a high-end visual effects, finishing, and color grading software for film and television post-production.","Autodesk, Inc.",True,1992.0,2026,Subscription,"$5,001 – $10,000",VideoSoftware,Software,Compositing,"Scripted Content, Promotional Content, Social, Unscripted"
a60c4c3f-5c5b-4afb-9d0f-9d2c2570d0e4,FairFight,False,FairFight is an anti-cheat system for online games that provides real-time cheat detection and prevention.,i3D.net,False,2012.0,SaaS Tool,Permanent,$101 – $500,GameDevelopmentSoftware,Software,Game Development,Scripted Content
05792277-51d4-42f9-a55b-17b92b7b744b,Lumion,True,Lumion is a 3D rendering software specifically designed for architectural visualization and design professionals.,Act-3D B.V.,False,2010.0,2025,Subscription,"$1,001 – $5,000","3DDesignSoftware, CADSoftware",Software,Rendering,Promotional Content
67d57850-d6b6-414c-9a4c-9a0c71969db3,MATLAB/Simulink,True,MATLAB and Simulink are a numerical computing and model-based design environment for engineers and scientists.,MathWorks,True,1984.0,R2025b,Subscription,"$501 – $1,000",CADSoftware,Software,Design,Scripted Content
4717de8c-227b-4724-9175-b57aa92e3c80,Mocha,True,"Boris FX Mocha Pro is a professional planar tracking and visual effects software used for rotoscoping, object removal, and stabilization.","Boris FX, Inc.",True,2005.0,2025.5,Subscription,"$501 – $1,000",VideoSoftware,Software,Compositing,"Scripted Content, Promotional Content, Unscripted"
e466ef33-85bb-4ecd-a4de-3afdfe859f81,PTC Windchill,True,PTC Windchill is a product lifecycle management (PLM) software for managing product data and development processes.,PTC Inc.,True,1998.0,13.1,Subscription,"$10,001+",CADSoftware,Software,Design,Scripted Content
d5f2ca6d-5b0b-4141-b792-bf8317437ed8,RubySketch,True,Drawing or sketching software (specific tool unclear),Unknown,True,2000.0,(Dependent on SketchUp version),Subscription,"$501 – $1,000","SoftwareDeveloperKit, CADSoftware",Software,"Game Development, Production Services",Scripted Content
f88ab96e-8977-4259-804a-5fd77040d429,Google Cloud Storage,True,Google Cloud Storage is an object storage service for storing and accessing data on Google's infrastructure.,Google LLC,True,2010.0,SaaS Tool,Consumption,Consumption,CloudPlatform,Cloud,Managed Services,"Scripted Content, Video Game, Promotional Content, Social, Unscripted, Location-Based Content"
b2dcf797-675d-4ce1-8d06-297c9fa820c0,Highland 2,True,"Highland 2 is a screenwriting and story development software designed for writers, focusing on a minimal, distraction-free interface.",Quote-unquote apps,False,2012.0,2.9.x,Permanent,Free,ContentMarketingSoftware,Software,Scripting,"Scripted Content, Promotional Content"
03b05d00-adcb-45c5-8178-9e05d5f72db5,PaintShop Pro,True,PaintShop Pro is a raster and vector graphics editor for photo editing and graphic design on Windows.,Corel Corporation,True,1990.0,2026,Permanent,$101 – $500,"GraphicDesignSoftware, PhotographySoftware",Software,Concept Development,"Promotional Content, Social"
c311759c-de2b-403e-b89f-94365f56092d,Pinterest,True,Pinterest is a visual discovery and social media platform for finding and sharing ideas through images and videos.,Pinterest Inc.,True,2010.0,SaaS Tool,Free,Free,CollaborationAndCommunication,Cloud,"Production Services, Concept Development","Promotional Content, Social"
cffc4e10-2259-4d9f-83c6-5258a6649682,Rebelle,True,"Rebelle is a digital painting software that realistically simulates traditional media like watercolor, oil, and acrylic paints.",Escape Motions,True,2015.0,8,Permanent,$101 – $500,GraphicDesignSoftware,Software,Concept Development,"Promotional Content, Social"
80585523-a3e8-4ce8-a197-74683106d74b,Redshift,True,"Maxon Redshift is a GPU-accelerated, biased rendering engine for creating high-quality",Maxon,True,2014.0,3.7.x,Subscription,"$501 – $1,000",3DDesignSoftware,Software,Rendering,"Scripted Content, Promotional Content, Unscripted, Location-Based Content, Social"
7685dd70-7c7d-4137-9f3f-90e02dacdb42,Rhino3D,True,3D computer graphics and computer-aided design software,Robert McNeel & Associates,True,1998.0,9,Permanent,"$1,001 – $5,000","3DDesignSoftware, CADSoftware",Software,Design,Scripted Content
657c2063-eb9c-4bc5-a984-aff3eb185fe7,SQLite,True,Embedded SQL database engine,SQLite Development Team,True,2000.0,3.49.0,"Open-Source, Free",Free,SoftwareDeveloperKit,Software,Managed Services,Scripted Content
0269d121-b8cf-41d1-81b9-3cc4153d97db,Siemens Teamcenter,True,Product lifecycle management (PLM) system.,Siemens Digital Industries Software (Siemens AG),True,1986.0,25.x,Subscription,"$10,001+",CADSoftware,Software,Design,Scripted Content
a0ebcb90-9178-4190-a7ee-e2bd5945fffe,SpeedTree,True,Procedural vegetation modeling software for games and film,Unity Software Inc.,True,2002.0,10,Subscription,"$501 – $1,000","GameDevelopmentSoftware, 3DDesignSoftware",Software,"3D Asset Creation, Game Development, Worldbuilding","Scripted Content, Video Game, Promotional Content, Social, Unscripted, Location-Based Content"
c902e497-2465-4c6d-bb96-df1b9f0db5cd,Spine,True,2D skeletal animation software for games,Esoteric Software,True,2013.0,4.2,Permanent,$101 – $500,GameDevelopmentSoftware,Software,"Animation, Game Development",Video Game
46ac7609-341a-4c92-96dd-d29f20abf178,Spotify,True,Music streaming service and platform,Spotify Technology S.A.,True,2008.0,SaaS Tool,"Subscription, Free",≤ $100,MediaService,Cloud,,Scripted Content
3f2bee97-4cd3-47fe-a8a8-201d5af5a993,Toon Boom Storyboard,True,Storyboarding software for animation and film pre-production,Toon Boom Animation Inc.,True,2008.0,Pro 25,Subscription,"$1,001 – $5,000",VideoSoftware,Software,Concept Development,"Scripted Content, Video Game, Promotional Content, Social, Unscripted, Location-Based Content"
1e2d0630-6224-4f58-9000-c4a5a989b971,Plasticity,True,"Plasticity is a NURBS-based CAD software designed for artists and industrial designers, focusing on hard-surface modeling.",Plasticity,False,2023.0,2,Subscription,$101 – $500,CADSoftware,Software,Design,Promotional Content
dab0851a-8ffa-4b09-8133-53f33a9410e1,Taiga,True,Digital health solutions and healthcare technology,Kaleidos,True,2014.0,7,"Open-Source, Free, Subscription",Free,CommunicationAndTeamManagement,Software,Design,Scripted Content
f0a0920a-c5ce-491f-8f7f-a7b93966c37e,WeVideo,True,Cloud-based video editing platform,WeVideo Inc.,True,2011.0,SaaS Tool,"Subscription, Free",$101 – $500,VideoSoftware,Software,"Editorial, Motion Graphics",Scripted Content
,3DCoat,,,,,,,,,,,,
,3DEqualizer,,,,,,,,,,,,
,3Delight,,,,,,,,,,,,
,AWS Krakatoa,,,,,,,,,,,,
,AWS Sequoia,,,,,,,,,,,,
,Adobe Flash,,,,,,,,,,,,
,Adobe Lightroom,,,,,,,,,,,,
,Amazon Nimble Studio,,,,,,,,,,,,
,Autodesk Mudbox,,,,,,,,,,,,
,Autodesk Shotgrid,,,,,,,,,,,,
,Autodesk Softimage,,,,,,,,,,,,
,Avid Media Composer,,,,,,,,,,,,
,Blackmagic Fusion,,,,,,,,,,,,
,Boujou,,,,,,,,,,,,
,Chaos Corona,,,,,,,,,,,,
,CryEngine,,,,,,,,,,,,
,E-on Vue,,,,,,,,,,,,
,FumeFX,,,,,,,,,,,,
,Karma,,,,,,,,,,,,
,Maxwell Render,,,,,,,,,,,,
,Microsoft Azure,,,,,,,,,,,,
,PFTrack,,,,,,,,,,,,
,Quixel,,,,,,,,,,,,
,RayFire,,,,,,,,,,,,
,Niagara (Unreal Engine),,,,,,,,,,,,
,RealityCapture,,,,,,,,,,,,
,Shapr3D,,,,,,,,,,,,
,nCloth,,,,,,,,,,,,
,nHair,,,,,,,,,,,,
